rule_id,policy_id,priority,rule_type,action,enabled,regex_pattern,source_ip_group_key,start_time_utc,end_time_utc,created_at,updated_at
rule-tenant-00001-000001,policy-tenant-00001,1,SOURCE_IPV4_REGEX,DENY,true,^198\.51\.100\.1$,,,,2026-07-18T00:00:00Z,2026-07-18T00:00:00Z
rule-tenant-00001-000002,policy-tenant-00001,2,SOURCE_IPV4_GROUP,DENY,true,,office,,,2026-07-18T00:00:00Z,2026-07-18T00:00:00Z
rule-tenant-00001-000003,policy-tenant-00001,3,URL_PATH_REGEX,ALLOW,true,^/tenant-00001/department-00001/never/3$,,,,2026-07-18T00:00:00Z,2026-07-18T00:00:00Z
rule-tenant-00001-000004,policy-tenant-00001,4,ACCESS_TIME_RANGE,DENY,true,,,12:34:00,12:35:00,2026-07-18T00:00:00Z,2026-07-18T00:00:00Z
rule-tenant-00001-000005,policy-tenant-00001,5,REFERER_REGEX,ALLOW,true,^https://never\.example/5$,,,,2026-07-18T00:00:00Z,2026-07-18T00:00:00Z
rule-tenant-00001-000006,policy-tenant-00001,6,USER_AGENT_REGEX,DENY,true,^NeverAgent/6$,,,,2026-07-18T00:00:00Z,2026-07-18T00:00:00Z
rule-tenant-00001-000007,policy-tenant-00001,7,SOURCE_IPV4_REGEX,ALLOW,true,^203\.0\.113\.7$,,,,2026-07-18T00:00:00Z,2026-07-18T00:00:00Z
rule-tenant-00001-000008,policy-tenant-00001,8,SOURCE_IPV4_GROUP,DENY,true,,office,,,2026-07-18T00:00:00Z,2026-07-18T00:00:00Z
rule-tenant-00001-000009,policy-tenant-00001,9,URL_PATH_REGEX,ALLOW,true,^/tenant-00001/department-00001/never/9$,,,,2026-07-18T00:00:00Z,2026-07-18T00:00:00Z
rule-tenant-00001-000010,policy-tenant-00001,10,ACCESS_TIME_RANGE,DENY,true,,,12:34:00,12:35:00,2026-07-18T00:00:00Z,2026-07-18T00:00:00Z
rule-tenant-00001-000011,policy-tenant-00001,11,REFERER_REGEX,ALLOW,true,^https://never\.example/11$,,,,2026-07-18T00:00:00Z,2026-07-18T00:00:00Z
rule-tenant-00001-000012,policy-tenant-00001,12,USER_AGENT_REGEX,DENY,true,^NeverAgent/12$,,,,2026-07-18T00:00:00Z,2026-07-18T00:00:00Z
rule-tenant-00001-000013,policy-tenant-00001,13,SOURCE_IPV4_REGEX,ALLOW,true,^203\.0\.113\.13$,,,,2026-07-18T00:00:00Z,2026-07-18T00:00:00Z
rule-tenant-00001-000014,policy-tenant-00001,14,SOURCE_IPV4_GROUP,DENY,true,,office,,,2026-07-18T00:00:00Z,2026-07-18T00:00:00Z
rule-tenant-00001-000015,policy-tenant-00001,15,URL_PATH_REGEX,ALLOW,true,^/tenant-00001/department-00001/never/15$,,,,2026-07-18T00:00:00Z,2026-07-18T00:00:00Z
rule-tenant-00001-000016,policy-tenant-00001,16,ACCESS_TIME_RANGE,DENY,true,,,12:34:00,12:35:00,2026-07-18T00:00:00Z,2026-07-18T00:00:00Z
rule-tenant-00001-000017,policy-tenant-00001,17,REFERER_REGEX,ALLOW,true,^https://never\.example/17$,,,,2026-07-18T00:00:00Z,2026-07-18T00:00:00Z
rule-tenant-00001-000018,policy-tenant-00001,18,USER_AGENT_REGEX,DENY,true,^NeverAgent/18$,,,,2026-07-18T00:00:00Z,2026-07-18T00:00:00Z
rule-tenant-00001-000019,policy-tenant-00001,19,SOURCE_IPV4_REGEX,ALLOW,true,^203\.0\.113\.19$,,,,2026-07-18T00:00:00Z,2026-07-18T00:00:00Z
rule-tenant-00001-000020,policy-tenant-00001,20,SOURCE_IPV4_GROUP,DENY,true,,office,,,2026-07-18T00:00:00Z,2026-07-18T00:00:00Z
rule-tenant-00001-000021,policy-tenant-00001,21,URL_PATH_REGEX,ALLOW,true,^/tenant-00001/department-00001/never/21$,,,,2026-07-18T00:00:00Z,2026-07-18T00:00:00Z
rule-tenant-00001-000022,policy-tenant-00001,22,ACCESS_TIME_RANGE,DENY,true,,,12:34:00,12:35:00,2026-07-18T00:00:00Z,2026-07-18T00:00:00Z
rule-tenant-00001-000023,policy-tenant-00001,23,REFERER_REGEX,ALLOW,true,^https://never\.example/23$,,,,2026-07-18T00:00:00Z,2026-07-18T00:00:00Z
rule-tenant-00001-000024,policy-tenant-00001,24,USER_AGENT_REGEX,DENY,true,^NeverAgent/24$,,,,2026-07-18T00:00:00Z,2026-07-18T00:00:00Z
rule-tenant-00001-000025,policy-tenant-00001,25,SOURCE_IPV4_REGEX,ALLOW,true,^203\.0\.113\.25$,,,,2026-07-18T00:00:00Z,2026-07-18T00:00:00Z
rule-tenant-00001-000026,policy-tenant-00001,26,SOURCE_IPV4_GROUP,DENY,true,,office,,,2026-07-18T00:00:00Z,2026-07-18T00:00:00Z
rule-tenant-00001-000027,policy-tenant-00001,27,URL_PATH_REGEX,ALLOW,true,^/tenant-00001/department-00001/never/27$,,,,2026-07-18T00:00:00Z,2026-07-18T00:00:00Z
rule-tenant-00001-000028,policy-tenant-00001,28,ACCESS_TIME_RANGE,DENY,true,,,12:34:00,12:35:00,2026-07-18T00:00:00Z,2026-07-18T00:00:00Z
rule-tenant-00001-000029,policy-tenant-00001,29,REFERER_REGEX,ALLOW,true,^https://never\.example/29$,,,,2026-07-18T00:00:00Z,2026-07-18T00:00:00Z
rule-tenant-00001-000030,policy-tenant-00001,30,USER_AGENT_REGEX,DENY,true,^NeverAgent/30$,,,,2026-07-18T00:00:00Z,2026-07-18T00:00:00Z
rule-tenant-00001-000031,policy-tenant-00001,31,SOURCE_IPV4_REGEX,ALLOW,true,^203\.0\.113\.31$,,,,2026-07-18T00:00:00Z,2026-07-18T00:00:00Z
rule-tenant-00001-000032,policy-tenant-00001,32,SOURCE_IPV4_GROUP,DENY,true,,office,,,2026-07-18T00:00:00Z,2026-07-18T00:00:00Z
rule-tenant-00001-000033,policy-tenant-00001,33,URL_PATH_REGEX,ALLOW,true,^/tenant-00001/department-00001/never/33$,,,,2026-07-18T00:00:00Z,2026-07-18T00:00:00Z
rule-tenant-00001-000034,policy-tenant-00001,34,ACCESS_TIME_RANGE,DENY,true,,,12:34:00,12:35:00,2026-07-18T00:00:00Z,2026-07-18T00:00:00Z
rule-tenant-00001-000035,policy-tenant-00001,35,REFERER_REGEX,ALLOW,true,^https://never\.example/35$,,,,2026-07-18T00:00:00Z,2026-07-18T00:00:00Z
rule-tenant-00001-000036,policy-tenant-00001,36,USER_AGENT_REGEX,DENY,true,^NeverAgent/36$,,,,2026-07-18T00:00:00Z,2026-07-18T00:00:00Z
rule-tenant-00001-000037,policy-tenant-00001,37,SOURCE_IPV4_REGEX,ALLOW,true,^203\.0\.113\.37$,,,,2026-07-18T00:00:00Z,2026-07-18T00:00:00Z
rule-tenant-00001-000038,policy-tenant-00001,38,SOURCE_IPV4_GROUP,DENY,true,,office,,,2026-07-18T00:00:00Z,2026-07-18T00:00:00Z
rule-tenant-00001-000039,policy-tenant-00001,39,URL_PATH_REGEX,ALLOW,true,^/tenant-00001/department-00001/never/39$,,,,2026-07-18T00:00:00Z,2026-07-18T00:00:00Z
rule-tenant-00001-000040,policy-tenant-00001,40,ACCESS_TIME_RANGE,DENY,true,,,12:34:00,12:35:00,2026-07-18T00:00:00Z,2026-07-18T00:00:00Z
rule-tenant-00001-000041,policy-tenant-00001,41,REFERER_REGEX,ALLOW,true,^https://never\.example/41$,,,,2026-07-18T00:00:00Z,2026-07-18T00:00:00Z
rule-tenant-00001-000042,policy-tenant-00001,42,USER_AGENT_REGEX,DENY,true,^NeverAgent/42$,,,,2026-07-18T00:00:00Z,2026-07-18T00:00:00Z
rule-tenant-00001-000043,policy-tenant-00001,43,SOURCE_IPV4_REGEX,ALLOW,true,^203\.0\.113\.43$,,,,2026-07-18T00:00:00Z,2026-07-18T00:00:00Z
rule-tenant-00001-000044,policy-tenant-00001,44,SOURCE_IPV4_GROUP,DENY,true,,office,,,2026-07-18T00:00:00Z,2026-07-18T00:00:00Z
rule-tenant-00001-000045,policy-tenant-00001,45,URL_PATH_REGEX,ALLOW,true,^/tenant-00001/department-00001/never/45$,,,,2026-07-18T00:00:00Z,2026-07-18T00:00:00Z
rule-tenant-00001-000046,policy-tenant-00001,46,ACCESS_TIME_RANGE,DENY,true,,,12:34:00,12:35:00,2026-07-18T00:00:00Z,2026-07-18T00:00:00Z
rule-tenant-00001-000047,policy-tenant-00001,47,REFERER_REGEX,ALLOW,true,^https://never\.example/47$,,,,2026-07-18T00:00:00Z,2026-07-18T00:00:00Z
rule-tenant-00001-000048,policy-tenant-00001,48,USER_AGENT_REGEX,DENY,true,^NeverAgent/48$,,,,2026-07-18T00:00:00Z,2026-07-18T00:00:00Z
rule-tenant-00001-000049,policy-tenant-00001,49,SOURCE_IPV4_REGEX,ALLOW,true,^203\.0\.113\.49$,,,,2026-07-18T00:00:00Z,2026-07-18T00:00:00Z
rule-tenant-00001-000050,policy-tenant-00001,50,SOURCE_IPV4_GROUP,DENY,true,,office,,,2026-07-18T00:00:00Z,2026-07-18T00:00:00Z
rule-tenant-00001-000051,policy-tenant-00001,51,URL_PATH_REGEX,ALLOW,true,^/tenant-00001/department-00001/never/51$,,,,2026-07-18T00:00:00Z,2026-07-18T00:00:00Z
rule-tenant-00001-000052,policy-tenant-00001,52,ACCESS_TIME_RANGE,DENY,true,,,12:34:00,12:35:00,2026-07-18T00:00:00Z,2026-07-18T00:00:00Z
rule-tenant-00001-000053,policy-tenant-00001,53,REFERER_REGEX,ALLOW,true,^https://never\.example/53$,,,,2026-07-18T00:00:00Z,2026-07-18T00:00:00Z
rule-tenant-00001-000054,policy-tenant-00001,54,USER_AGENT_REGEX,DENY,true,^NeverAgent/54$,,,,2026-07-18T00:00:00Z,2026-07-18T00:00:00Z
rule-tenant-00001-000055,policy-tenant-00001,55,SOURCE_IPV4_REGEX,ALLOW,true,^203\.0\.113\.55$,,,,2026-07-18T00:00:00Z,2026-07-18T00:00:00Z
rule-tenant-00001-000056,policy-tenant-00001,56,SOURCE_IPV4_GROUP,DENY,true,,office,,,2026-07-18T00:00:00Z,2026-07-18T00:00:00Z
rule-tenant-00001-000057,policy-tenant-00001,57,URL_PATH_REGEX,ALLOW,true,^/tenant-00001/department-00001/never/57$,,,,2026-07-18T00:00:00Z,2026-07-18T00:00:00Z
rule-tenant-00001-000058,policy-tenant-00001,58,ACCESS_TIME_RANGE,DENY,true,,,12:34:00,12:35:00,2026-07-18T00:00:00Z,2026-07-18T00:00:00Z
rule-tenant-00001-000059,policy-tenant-00001,59,REFERER_REGEX,ALLOW,true,^https://never\.example/59$,,,,2026-07-18T00:00:00Z,2026-07-18T00:00:00Z
rule-tenant-00001-000060,policy-tenant-00001,60,USER_AGENT_REGEX,DENY,true,^NeverAgent/60$,,,,2026-07-18T00:00:00Z,2026-07-18T00:00:00Z
rule-department-00001-000001,policy-department-00001,1,USER_AGENT_REGEX,ALLOW,true,DepartmentBot,,,,2026-07-18T00:00:00Z,2026-07-18T00:00:00Z
rule-department-00001-000002,policy-department-00001,2,SOURCE_IPV4_GROUP,DENY,true,,office,,,2026-07-18T00:00:00Z,2026-07-18T00:00:00Z
rule-department-00001-000003,policy-department-00001,3,ACCESS_TIME_RANGE,ALLOW,true,,,22:00:00,06:00:00,2026-07-18T00:00:00Z,2026-07-18T00:00:00Z
rule-tenant-00002-000001,policy-tenant-00002,1,SOURCE_IPV4_REGEX,DENY,true,^198\.51\.100\.2$,,,,2026-07-18T00:00:00Z,2026-07-18T00:00:00Z
rule-tenant-00002-000002,policy-tenant-00002,2,SOURCE_IPV4_GROUP,DENY,true,,office,,,2026-07-18T00:00:00Z,2026-07-18T00:00:00Z
rule-tenant-00002-000003,policy-tenant-00002,3,URL_PATH_REGEX,ALLOW,true,^/tenant-00002/department-00002/never/3$,,,,2026-07-18T00:00:00Z,2026-07-18T00:00:00Z
rule-tenant-00002-000004,policy-tenant-00002,4,ACCESS_TIME_RANGE,DENY,true,,,12:34:00,12:35:00,2026-07-18T00:00:00Z,2026-07-18T00:00:00Z
rule-tenant-00002-000005,policy-tenant-00002,5,REFERER_REGEX,ALLOW,true,^https://never\.example/5$,,,,2026-07-18T00:00:00Z,2026-07-18T00:00:00Z
rule-tenant-00002-000006,policy-tenant-00002,6,USER_AGENT_REGEX,DENY,true,^NeverAgent/6$,,,,2026-07-18T00:00:00Z,2026-07-18T00:00:00Z
rule-tenant-00002-000007,policy-tenant-00002,7,SOURCE_IPV4_REGEX,ALLOW,true,^203\.0\.113\.7$,,,,2026-07-18T00:00:00Z,2026-07-18T00:00:00Z
rule-tenant-00002-000008,policy-tenant-00002,8,SOURCE_IPV4_GROUP,DENY,true,,office,,,2026-07-18T00:00:00Z,2026-07-18T00:00:00Z
rule-tenant-00002-000009,policy-tenant-00002,9,URL_PATH_REGEX,ALLOW,true,^/tenant-00002/department-00002/never/9$,,,,2026-07-18T00:00:00Z,2026-07-18T00:00:00Z
rule-tenant-00002-000010,policy-tenant-00002,10,ACCESS_TIME_RANGE,DENY,true,,,12:34:00,12:35:00,2026-07-18T00:00:00Z,2026-07-18T00:00:00Z
rule-tenant-00002-000011,policy-tenant-00002,11,REFERER_REGEX,ALLOW,true,^https://never\.example/11$,,,,2026-07-18T00:00:00Z,2026-07-18T00:00:00Z
rule-tenant-00002-000012,policy-tenant-00002,12,USER_AGENT_REGEX,DENY,true,^NeverAgent/12$,,,,2026-07-18T00:00:00Z,2026-07-18T00:00:00Z
rule-tenant-00002-000013,policy-tenant-00002,13,SOURCE_IPV4_REGEX,ALLOW,true,^203\.0\.113\.13$,,,,2026-07-18T00:00:00Z,2026-07-18T00:00:00Z
rule-tenant-00002-000014,policy-tenant-00002,14,SOURCE_IPV4_GROUP,DENY,true,,office,,,2026-07-18T00:00:00Z,2026-07-18T00:00:00Z
rule-tenant-00002-000015,policy-tenant-00002,15,URL_PATH_REGEX,ALLOW,true,^/tenant-00002/department-00002/never/15$,,,,2026-07-18T00:00:00Z,2026-07-18T00:00:00Z
rule-tenant-00002-000016,policy-tenant-00002,16,ACCESS_TIME_RANGE,DENY,true,,,12:34:00,12:35:00,2026-07-18T00:00:00Z,2026-07-18T00:00:00Z
rule-tenant-00002-000017,policy-tenant-00002,17,REFERER_REGEX,ALLOW,true,^https://never\.example/17$,,,,2026-07-18T00:00:00Z,2026-07-18T00:00:00Z
rule-tenant-00002-000018,policy-tenant-00002,18,USER_AGENT_REGEX,DENY,true,^NeverAgent/18$,,,,2026-07-18T00:00:00Z,2026-07-18T00:00:00Z
rule-tenant-00002-000019,policy-tenant-00002,19,SOURCE_IPV4_REGEX,ALLOW,true,^203\.0\.113\.19$,,,,2026-07-18T00:00:00Z,2026-07-18T00:00:00Z
rule-tenant-00002-000020,policy-tenant-00002,20,SOURCE_IPV4_GROUP,DENY,true,,office,,,2026-07-18T00:00:00Z,2026-07-18T00:00:00Z
rule-tenant-00002-000021,policy-tenant-00002,21,URL_PATH_REGEX,ALLOW,true,^/tenant-00002/department-00002/never/21$,,,,2026-07-18T00:00:00Z,2026-07-18T00:00:00Z
rule-tenant-00002-000022,policy-tenant-00002,22,ACCESS_TIME_RANGE,DENY,true,,,12:34:00,12:35:00,2026-07-18T00:00:00Z,2026-07-18T00:00:00Z
rule-tenant-00002-000023,policy-tenant-00002,23,REFERER_REGEX,ALLOW,true,^https://never\.example/23$,,,,2026-07-18T00:00:00Z,2026-07-18T00:00:00Z
rule-tenant-00002-000024,policy-tenant-00002,24,USER_AGENT_REGEX,DENY,true,^NeverAgent/24$,,,,2026-07-18T00:00:00Z,2026-07-18T00:00:00Z
rule-tenant-00002-000025,policy-tenant-00002,25,SOURCE_IPV4_REGEX,ALLOW,true,^203\.0\.113\.25$,,,,2026-07-18T00:00:00Z,2026-07-18T00:00:00Z
rule-tenant-00002-000026,policy-tenant-00002,26,SOURCE_IPV4_GROUP,DENY,true,,office,,,2026-07-18T00:00:00Z,2026-07-18T00:00:00Z
rule-tenant-00002-000027,policy-tenant-00002,27,URL_PATH_REGEX,ALLOW,true,^/tenant-00002/department-00002/never/27$,,,,2026-07-18T00:00:00Z,2026-07-18T00:00:00Z
rule-tenant-00002-000028,policy-tenant-00002,28,ACCESS_TIME_RANGE,DENY,true,,,12:34:00,12:35:00,2026-07-18T00:00:00Z,2026-07-18T00:00:00Z
rule-tenant-00002-000029,policy-tenant-00002,29,REFERER_REGEX,ALLOW,true,^https://never\.example/29$,,,,2026-07-18T00:00:00Z,2026-07-18T00:00:00Z
rule-tenant-00002-000030,policy-tenant-00002,30,USER_AGENT_REGEX,DENY,true,^NeverAgent/30$,,,,2026-07-18T00:00:00Z,2026-07-18T00:00:00Z
rule-tenant-00002-000031,policy-tenant-00002,31,SOURCE_IPV4_REGEX,ALLOW,true,^203\.0\.113\.31$,,,,2026-07-18T00:00:00Z,2026-07-18T00:00:00Z
rule-tenant-00002-000032,policy-tenant-00002,32,SOURCE_IPV4_GROUP,DENY,true,,office,,,2026-07-18T00:00:00Z,2026-07-18T00:00:00Z
rule-tenant-00002-000033,policy-tenant-00002,33,URL_PATH_REGEX,ALLOW,true,^/tenant-00002/department-00002/never/33$,,,,2026-07-18T00:00:00Z,2026-07-18T00:00:00Z
rule-tenant-00002-000034,policy-tenant-00002,34,ACCESS_TIME_RANGE,DENY,true,,,12:34:00,12:35:00,2026-07-18T00:00:00Z,2026-07-18T00:00:00Z
rule-tenant-00002-000035,policy-tenant-00002,35,REFERER_REGEX,ALLOW,true,^https://never\.example/35$,,,,2026-07-18T00:00:00Z,2026-07-18T00:00:00Z
rule-tenant-00002-000036,policy-tenant-00002,36,USER_AGENT_REGEX,DENY,true,^NeverAgent/36$,,,,2026-07-18T00:00:00Z,2026-07-18T00:00:00Z
rule-tenant-00002-000037,policy-tenant-00002,37,SOURCE_IPV4_REGEX,ALLOW,true,^203\.0\.113\.37$,,,,2026-07-18T00:00:00Z,2026-07-18T00:00:00Z
rule-tenant-00002-000038,policy-tenant-00002,38,SOURCE_IPV4_GROUP,DENY,true,,office,,,2026-07-18T00:00:00Z,2026-07-18T00:00:00Z
rule-tenant-00002-000039,policy-tenant-00002,39,URL_PATH_REGEX,ALLOW,true,^/tenant-00002/department-00002/never/39$,,,,2026-07-18T00:00:00Z,2026-07-18T00:00:00Z
rule-tenant-00002-000040,policy-tenant-00002,40,ACCESS_TIME_RANGE,DENY,true,,,12:34:00,12:35:00,2026-07-18T00:00:00Z,2026-07-18T00:00:00Z
rule-tenant-00002-000041,policy-tenant-00002,41,REFERER_REGEX,ALLOW,true,^https://never\.example/41$,,,,2026-07-18T00:00:00Z,2026-07-18T00:00:00Z
rule-tenant-00002-000042,policy-tenant-00002,42,USER_AGENT_REGEX,DENY,true,^NeverAgent/42$,,,,2026-07-18T00:00:00Z,2026-07-18T00:00:00Z
rule-tenant-00002-000043,policy-tenant-00002,43,SOURCE_IPV4_REGEX,ALLOW,true,^203\.0\.113\.43$,,,,2026-07-18T00:00:00Z,2026-07-18T00:00:00Z
rule-tenant-00002-000044,policy-tenant-00002,44,SOURCE_IPV4_GROUP,DENY,true,,office,,,2026-07-18T00:00:00Z,2026-07-18T00:00:00Z
rule-tenant-00002-000045,policy-tenant-00002,45,URL_PATH_REGEX,ALLOW,true,^/tenant-00002/department-00002/never/45$,,,,2026-07-18T00:00:00Z,2026-07-18T00:00:00Z
rule-tenant-00002-000046,policy-tenant-00002,46,ACCESS_TIME_RANGE,DENY,true,,,12:34:00,12:35:00,2026-07-18T00:00:00Z,2026-07-18T00:00:00Z
rule-tenant-00002-000047,policy-tenant-00002,47,REFERER_REGEX,ALLOW,true,^https://never\.example/47$,,,,2026-07-18T00:00:00Z,2026-07-18T00:00:00Z
rule-tenant-00002-000048,policy-tenant-00002,48,USER_AGENT_REGEX,DENY,true,^NeverAgent/48$,,,,2026-07-18T00:00:00Z,2026-07-18T00:00:00Z
rule-tenant-00002-000049,policy-tenant-00002,49,SOURCE_IPV4_REGEX,ALLOW,true,^203\.0\.113\.49$,,,,2026-07-18T00:00:00Z,2026-07-18T00:00:00Z
rule-tenant-00002-000050,policy-tenant-00002,50,SOURCE_IPV4_GROUP,DENY,true,,office,,,2026-07-18T00:00:00Z,2026-07-18T00:00:00Z
rule-tenant-00002-000051,policy-tenant-00002,51,URL_PATH_REGEX,ALLOW,true,^/tenant-00002/department-00002/never/51$,,,,2026-07-18T00:00:00Z,2026-07-18T00:00:00Z
rule-tenant-00002-000052,policy-tenant-00002,52,ACCESS_TIME_RANGE,DENY,true,,,12:34:00,12:35:00,2026-07-18T00:00:00Z,2026-07-18T00:00:00Z
rule-tenant-00002-000053,policy-tenant-00002,53,REFERER_REGEX,ALLOW,true,^https://never\.example/53$,,,,2026-07-18T00:00:00Z,2026-07-18T00:00:00Z
rule-tenant-00002-000054,policy-tenant-00002,54,USER_AGENT_REGEX,DENY,true,^NeverAgent/54$,,,,2026-07-18T00:00:00Z,2026-07-18T00:00:00Z
rule-tenant-00002-000055,policy-tenant-00002,55,SOURCE_IPV4_REGEX,ALLOW,true,^203\.0\.113\.55$,,,,2026-07-18T00:00:00Z,2026-07-18T00:00:00Z
rule-tenant-00002-000056,policy-tenant-00002,56,SOURCE_IPV4_GROUP,DENY,true,,office,,,2026-07-18T00:00:00Z,2026-07-18T00:00:00Z
rule-tenant-00002-000057,policy-tenant-00002,57,URL_PATH_REGEX,ALLOW,true,^/tenant-00002/department-00002/never/57$,,,,2026-07-18T00:00:00Z,2026-07-18T00:00:00Z
rule-tenant-00002-000058,policy-tenant-00002,58,ACCESS_TIME_RANGE,DENY,true,,,12:34:00,12:35:00,2026-07-18T00:00:00Z,2026-07-18T00:00:00Z
rule-tenant-00002-000059,policy-tenant-00002,59,REFERER_REGEX,ALLOW,true,^https://never\.example/59$,,,,2026-07-18T00:00:00Z,2026-07-18T00:00:00Z
rule-tenant-00002-000060,policy-tenant-00002,60,USER_AGENT_REGEX,DENY,true,^NeverAgent/60$,,,,2026-07-18T00:00:00Z,2026-07-18T00:00:00Z
rule-department-00002-000001,policy-department-00002,1,USER_AGENT_REGEX,ALLOW,true,DepartmentBot,,,,2026-07-18T00:00:00Z,2026-07-18T00:00:00Z
rule-department-00002-000002,policy-department-00002,2,SOURCE_IPV4_GROUP,DENY,true,,office,,,2026-07-18T00:00:00Z,2026-07-18T00:00:00Z
rule-department-00002-000003,policy-department-00002,3,ACCESS_TIME_RANGE,ALLOW,true,,,22:00:00,06:00:00,2026-07-18T00:00:00Z,2026-07-18T00:00:00Z
rule-tenant-00003-000001,policy-tenant-00003,1,SOURCE_IPV4_REGEX,DENY,true,^192\.0\.2\.3$,,,,2026-07-18T00:00:00Z,2026-07-18T00:00:00Z
rule-tenant-00003-000002,policy-tenant-00003,2,SOURCE_IPV4_GROUP,ALLOW,true,,office,,,2026-07-18T00:00:00Z,2026-07-18T00:00:00Z
rule-tenant-00003-000003,policy-tenant-00003,3,URL_PATH_REGEX,DENY,true,^/tenant-00003/department-00003/api/private/.*$,,,,2026-07-18T00:00:00Z,2026-07-18T00:00:00Z
rule-tenant-00003-000004,policy-tenant-00003,4,ACCESS_TIME_RANGE,DENY,true,,,22:00:00,06:00:00,2026-07-18T00:00:00Z,2026-07-18T00:00:00Z
rule-tenant-00003-000005,policy-tenant-00003,5,REFERER_REGEX,ALLOW,true,^https://trusted\.example/,,,,2026-07-18T00:00:00Z,2026-07-18T00:00:00Z
rule-tenant-00003-000006,policy-tenant-00003,6,USER_AGENT_REGEX,DENY,true,BenchmarkBot,,,,2026-07-18T00:00:00Z,2026-07-18T00:00:00Z
rule-department-00003-000001,policy-department-00003,1,USER_AGENT_REGEX,ALLOW,true,DepartmentBot,,,,2026-07-18T00:00:00Z,2026-07-18T00:00:00Z
rule-department-00003-000002,policy-department-00003,2,SOURCE_IPV4_GROUP,DENY,true,,office,,,2026-07-18T00:00:00Z,2026-07-18T00:00:00Z
rule-department-00003-000003,policy-department-00003,3,ACCESS_TIME_RANGE,ALLOW,true,,,22:00:00,06:00:00,2026-07-18T00:00:00Z,2026-07-18T00:00:00Z
rule-tenant-00004-000001,policy-tenant-00004,1,SOURCE_IPV4_REGEX,DENY,true,^192\.0\.2\.4$,,,,2026-07-18T00:00:00Z,2026-07-18T00:00:00Z
rule-tenant-00004-000002,policy-tenant-00004,2,SOURCE_IPV4_GROUP,ALLOW,true,,office,,,2026-07-18T00:00:00Z,2026-07-18T00:00:00Z
rule-tenant-00004-000003,policy-tenant-00004,3,URL_PATH_REGEX,DENY,true,^/tenant-00004/department-00004/api/private/.*$,,,,2026-07-18T00:00:00Z,2026-07-18T00:00:00Z
rule-tenant-00004-000004,policy-tenant-00004,4,ACCESS_TIME_RANGE,DENY,true,,,22:00:00,06:00:00,2026-07-18T00:00:00Z,2026-07-18T00:00:00Z
rule-tenant-00004-000005,policy-tenant-00004,5,REFERER_REGEX,ALLOW,true,^https://trusted\.example/,,,,2026-07-18T00:00:00Z,2026-07-18T00:00:00Z
rule-tenant-00004-000006,policy-tenant-00004,6,USER_AGENT_REGEX,DENY,true,BenchmarkBot,,,,2026-07-18T00:00:00Z,2026-07-18T00:00:00Z
rule-department-00004-000001,policy-department-00004,1,USER_AGENT_REGEX,ALLOW,true,DepartmentBot,,,,2026-07-18T00:00:00Z,2026-07-18T00:00:00Z
rule-department-00004-000002,policy-department-00004,2,SOURCE_IPV4_GROUP,DENY,true,,office,,,2026-07-18T00:00:00Z,2026-07-18T00:00:00Z
rule-department-00004-000003,policy-department-00004,3,ACCESS_TIME_RANGE,ALLOW,true,,,22:00:00,06:00:00,2026-07-18T00:00:00Z,2026-07-18T00:00:00Z
rule-tenant-00005-000001,policy-tenant-00005,1,SOURCE_IPV4_REGEX,DENY,true,^192\.0\.2\.5$,,,,2026-07-18T00:00:00Z,2026-07-18T00:00:00Z
rule-tenant-00005-000002,policy-tenant-00005,2,SOURCE_IPV4_GROUP,ALLOW,true,,office,,,2026-07-18T00:00:00Z,2026-07-18T00:00:00Z
rule-tenant-00005-000003,policy-tenant-00005,3,URL_PATH_REGEX,DENY,true,^/tenant-00005/department-00005/api/private/.*$,,,,2026-07-18T00:00:00Z,2026-07-18T00:00:00Z
rule-tenant-00005-000004,policy-tenant-00005,4,ACCESS_TIME_RANGE,DENY,true,,,22:00:00,06:00:00,2026-07-18T00:00:00Z,2026-07-18T00:00:00Z
rule-tenant-00005-000005,policy-tenant-00005,5,REFERER_REGEX,ALLOW,true,^https://trusted\.example/,,,,2026-07-18T00:00:00Z,2026-07-18T00:00:00Z
rule-tenant-00005-000006,policy-tenant-00005,6,USER_AGENT_REGEX,DENY,true,BenchmarkBot,,,,2026-07-18T00:00:00Z,2026-07-18T00:00:00Z
rule-tenant-00006-000001,policy-tenant-00006,1,SOURCE_IPV4_REGEX,DENY,true,^192\.0\.2\.6$,,,,2026-07-18T00:00:00Z,2026-07-18T00:00:00Z
rule-tenant-00006-000002,policy-tenant-00006,2,SOURCE_IPV4_GROUP,ALLOW,true,,office,,,2026-07-18T00:00:00Z,2026-07-18T00:00:00Z
rule-tenant-00006-000003,policy-tenant-00006,3,URL_PATH_REGEX,DENY,true,^/tenant-00006/department-00006/api/private/.*$,,,,2026-07-18T00:00:00Z,2026-07-18T00:00:00Z
rule-tenant-00006-000004,policy-tenant-00006,4,ACCESS_TIME_RANGE,DENY,true,,,22:00:00,06:00:00,2026-07-18T00:00:00Z,2026-07-18T00:00:00Z
rule-tenant-00006-000005,policy-tenant-00006,5,REFERER_REGEX,ALLOW,true,^https://trusted\.example/,,,,2026-07-18T00:00:00Z,2026-07-18T00:00:00Z
rule-tenant-00006-000006,policy-tenant-00006,6,USER_AGENT_REGEX,DENY,true,BenchmarkBot,,,,2026-07-18T00:00:00Z,2026-07-18T00:00:00Z
rule-department-00006-000001,policy-department-00006,1,USER_AGENT_REGEX,ALLOW,true,DepartmentBot,,,,2026-07-18T00:00:00Z,2026-07-18T00:00:00Z
rule-department-00006-000002,policy-department-00006,2,SOURCE_IPV4_GROUP,DENY,true,,office,,,2026-07-18T00:00:00Z,2026-07-18T00:00:00Z
rule-department-00006-000003,policy-department-00006,3,ACCESS_TIME_RANGE,ALLOW,true,,,22:00:00,06:00:00,2026-07-18T00:00:00Z,2026-07-18T00:00:00Z
rule-tenant-00007-000001,policy-tenant-00007,1,SOURCE_IPV4_REGEX,DENY,true,^192\.0\.2\.7$,,,,2026-07-18T00:00:00Z,2026-07-18T00:00:00Z
rule-tenant-00007-000002,policy-tenant-00007,2,SOURCE_IPV4_GROUP,ALLOW,true,,office,,,2026-07-18T00:00:00Z,2026-07-18T00:00:00Z
rule-tenant-00007-000003,policy-tenant-00007,3,URL_PATH_REGEX,DENY,true,^/tenant-00007/department-00007/api/private/.*$,,,,2026-07-18T00:00:00Z,2026-07-18T00:00:00Z
rule-tenant-00007-000004,policy-tenant-00007,4,ACCESS_TIME_RANGE,DENY,true,,,22:00:00,06:00:00,2026-07-18T00:00:00Z,2026-07-18T00:00:00Z
rule-tenant-00007-000005,policy-tenant-00007,5,REFERER_REGEX,ALLOW,true,^https://trusted\.example/,,,,2026-07-18T00:00:00Z,2026-07-18T00:00:00Z
rule-tenant-00007-000006,policy-tenant-00007,6,USER_AGENT_REGEX,DENY,true,BenchmarkBot,,,,2026-07-18T00:00:00Z,2026-07-18T00:00:00Z
rule-department-00007-000001,policy-department-00007,1,USER_AGENT_REGEX,ALLOW,true,DepartmentBot,,,,2026-07-18T00:00:00Z,2026-07-18T00:00:00Z
rule-department-00007-000002,policy-department-00007,2,SOURCE_IPV4_GROUP,DENY,true,,office,,,2026-07-18T00:00:00Z,2026-07-18T00:00:00Z
rule-department-00007-000003,policy-department-00007,3,ACCESS_TIME_RANGE,ALLOW,true,,,22:00:00,06:00:00,2026-07-18T00:00:00Z,2026-07-18T00:00:00Z
rule-tenant-00008-000001,policy-tenant-00008,1,SOURCE_IPV4_REGEX,DENY,true,^192\.0\.2\.8$,,,,2026-07-18T00:00:00Z,2026-07-18T00:00:00Z
rule-tenant-00008-000002,policy-tenant-00008,2,SOURCE_IPV4_GROUP,ALLOW,true,,office,,,2026-07-18T00:00:00Z,2026-07-18T00:00:00Z
rule-tenant-00008-000003,policy-tenant-00008,3,URL_PATH_REGEX,DENY,true,^/tenant-00008/department-00008/api/private/.*$,,,,2026-07-18T00:00:00Z,2026-07-18T00:00:00Z
rule-tenant-00008-000004,policy-tenant-00008,4,ACCESS_TIME_RANGE,DENY,true,,,22:00:00,06:00:00,2026-07-18T00:00:00Z,2026-07-18T00:00:00Z
rule-tenant-00008-000005,policy-tenant-00008,5,REFERER_REGEX,ALLOW,true,^https://trusted\.example/,,,,2026-07-18T00:00:00Z,2026-07-18T00:00:00Z
rule-tenant-00008-000006,policy-tenant-00008,6,USER_AGENT_REGEX,DENY,true,BenchmarkBot,,,,2026-07-18T00:00:00Z,2026-07-18T00:00:00Z
rule-department-00008-000001,policy-department-00008,1,USER_AGENT_REGEX,ALLOW,true,DepartmentBot,,,,2026-07-18T00:00:00Z,2026-07-18T00:00:00Z
rule-department-00008-000002,policy-department-00008,2,SOURCE_IPV4_GROUP,DENY,true,,office,,,2026-07-18T00:00:00Z,2026-07-18T00:00:00Z
rule-department-00008-000003,policy-department-00008,3,ACCESS_TIME_RANGE,ALLOW,true,,,22:00:00,06:00:00,2026-07-18T00:00:00Z,2026-07-18T00:00:00Z
rule-tenant-00009-000001,policy-tenant-00009,1,SOURCE_IPV4_REGEX,DENY,true,^192\.0\.2\.9$,,,,2026-07-18T00:00:00Z,2026-07-18T00:00:00Z
rule-tenant-00009-000002,policy-tenant-00009,2,SOURCE_IPV4_GROUP,ALLOW,true,,office,,,2026-07-18T00:00:00Z,2026-07-18T00:00:00Z
rule-tenant-00009-000003,policy-tenant-00009,3,URL_PATH_REGEX,DENY,true,^/tenant-00009/department-00009/api/private/.*$,,,,2026-07-18T00:00:00Z,2026-07-18T00:00:00Z
rule-tenant-00009-000004,policy-tenant-00009,4,ACCESS_TIME_RANGE,DENY,true,,,22:00:00,06:00:00,2026-07-18T00:00:00Z,2026-07-18T00:00:00Z
rule-tenant-00009-000005,policy-tenant-00009,5,REFERER_REGEX,ALLOW,true,^https://trusted\.example/,,,,2026-07-18T00:00:00Z,2026-07-18T00:00:00Z
rule-tenant-00009-000006,policy-tenant-00009,6,USER_AGENT_REGEX,DENY,true,BenchmarkBot,,,,2026-07-18T00:00:00Z,2026-07-18T00:00:00Z
rule-department-00009-000001,policy-department-00009,1,USER_AGENT_REGEX,ALLOW,true,DepartmentBot,,,,2026-07-18T00:00:00Z,2026-07-18T00:00:00Z
rule-department-00009-000002,policy-department-00009,2,SOURCE_IPV4_GROUP,DENY,true,,office,,,2026-07-18T00:00:00Z,2026-07-18T00:00:00Z
rule-department-00009-000003,policy-department-00009,3,ACCESS_TIME_RANGE,ALLOW,true,,,22:00:00,06:00:00,2026-07-18T00:00:00Z,2026-07-18T00:00:00Z
rule-tenant-00010-000001,policy-tenant-00010,1,SOURCE_IPV4_REGEX,DENY,true,^192\.0\.2\.10$,,,,2026-07-18T00:00:00Z,2026-07-18T00:00:00Z
rule-tenant-00010-000002,policy-tenant-00010,2,SOURCE_IPV4_GROUP,ALLOW,true,,office,,,2026-07-18T00:00:00Z,2026-07-18T00:00:00Z
rule-tenant-00010-000003,policy-tenant-00010,3,URL_PATH_REGEX,DENY,true,^/tenant-00010/department-00010/api/private/.*$,,,,2026-07-18T00:00:00Z,2026-07-18T00:00:00Z
rule-tenant-00010-000004,policy-tenant-00010,4,ACCESS_TIME_RANGE,DENY,true,,,22:00:00,06:00:00,2026-07-18T00:00:00Z,2026-07-18T00:00:00Z
rule-tenant-00010-000005,policy-tenant-00010,5,REFERER_REGEX,ALLOW,true,^https://trusted\.example/,,,,2026-07-18T00:00:00Z,2026-07-18T00:00:00Z
rule-tenant-00010-000006,policy-tenant-00010,6,USER_AGENT_REGEX,DENY,true,BenchmarkBot,,,,2026-07-18T00:00:00Z,2026-07-18T00:00:00Z
rule-tenant-00011-000001,policy-tenant-00011,1,SOURCE_IPV4_REGEX,DENY,true,^192\.0\.2\.11$,,,,2026-07-18T00:00:00Z,2026-07-18T00:00:00Z
rule-tenant-00011-000002,policy-tenant-00011,2,SOURCE_IPV4_GROUP,ALLOW,true,,office,,,2026-07-18T00:00:00Z,2026-07-18T00:00:00Z
rule-tenant-00011-000003,policy-tenant-00011,3,URL_PATH_REGEX,DENY,true,^/tenant-00011/department-00011/api/private/.*$,,,,2026-07-18T00:00:00Z,2026-07-18T00:00:00Z
rule-tenant-00011-000004,policy-tenant-00011,4,ACCESS_TIME_RANGE,DENY,true,,,22:00:00,06:00:00,2026-07-18T00:00:00Z,2026-07-18T00:00:00Z
rule-tenant-00011-000005,policy-tenant-00011,5,REFERER_REGEX,ALLOW,true,^https://trusted\.example/,,,,2026-07-18T00:00:00Z,2026-07-18T00:00:00Z
rule-tenant-00011-000006,policy-tenant-00011,6,USER_AGENT_REGEX,DENY,true,BenchmarkBot,,,,2026-07-18T00:00:00Z,2026-07-18T00:00:00Z
rule-department-00011-000001,policy-department-00011,1,USER_AGENT_REGEX,ALLOW,true,DepartmentBot,,,,2026-07-18T00:00:00Z,2026-07-18T00:00:00Z
rule-department-00011-000002,policy-department-00011,2,SOURCE_IPV4_GROUP,DENY,true,,office,,,2026-07-18T00:00:00Z,2026-07-18T00:00:00Z
rule-department-00011-000003,policy-department-00011,3,ACCESS_TIME_RANGE,ALLOW,true,,,22:00:00,06:00:00,2026-07-18T00:00:00Z,2026-07-18T00:00:00Z
rule-tenant-00012-000001,policy-tenant-00012,1,SOURCE_IPV4_REGEX,DENY,true,^192\.0\.2\.12$,,,,2026-07-18T00:00:00Z,2026-07-18T00:00:00Z
rule-tenant-00012-000002,policy-tenant-00012,2,SOURCE_IPV4_GROUP,ALLOW,true,,office,,,2026-07-18T00:00:00Z,2026-07-18T00:00:00Z
rule-tenant-00012-000003,policy-tenant-00012,3,URL_PATH_REGEX,DENY,true,^/tenant-00012/department-00012/api/private/.*$,,,,2026-07-18T00:00:00Z,2026-07-18T00:00:00Z
rule-tenant-00012-000004,policy-tenant-00012,4,ACCESS_TIME_RANGE,DENY,true,,,22:00:00,06:00:00,2026-07-18T00:00:00Z,2026-07-18T00:00:00Z
rule-tenant-00012-000005,policy-tenant-00012,5,REFERER_REGEX,ALLOW,true,^https://trusted\.example/,,,,2026-07-18T00:00:00Z,2026-07-18T00:00:00Z
rule-tenant-00012-000006,policy-tenant-00012,6,USER_AGENT_REGEX,DENY,true,BenchmarkBot,,,,2026-07-18T00:00:00Z,2026-07-18T00:00:00Z
rule-department-00012-000001,policy-department-00012,1,USER_AGENT_REGEX,ALLOW,true,DepartmentBot,,,,2026-07-18T00:00:00Z,2026-07-18T00:00:00Z
rule-department-00012-000002,policy-department-00012,2,SOURCE_IPV4_GROUP,DENY,true,,office,,,2026-07-18T00:00:00Z,2026-07-18T00:00:00Z
rule-department-00012-000003,policy-department-00012,3,ACCESS_TIME_RANGE,ALLOW,true,,,22:00:00,06:00:00,2026-07-18T00:00:00Z,2026-07-18T00:00:00Z
rule-tenant-00013-000001,policy-tenant-00013,1,SOURCE_IPV4_REGEX,DENY,true,^192\.0\.2\.13$,,,,2026-07-18T00:00:00Z,2026-07-18T00:00:00Z
rule-tenant-00013-000002,policy-tenant-00013,2,SOURCE_IPV4_GROUP,ALLOW,true,,office,,,2026-07-18T00:00:00Z,2026-07-18T00:00:00Z
rule-tenant-00013-000003,policy-tenant-00013,3,URL_PATH_REGEX,DENY,true,^/tenant-00013/department-00013/api/private/.*$,,,,2026-07-18T00:00:00Z,2026-07-18T00:00:00Z
rule-tenant-00013-000004,policy-tenant-00013,4,ACCESS_TIME_RANGE,DENY,true,,,22:00:00,06:00:00,2026-07-18T00:00:00Z,2026-07-18T00:00:00Z
rule-tenant-00013-000005,policy-tenant-00013,5,REFERER_REGEX,ALLOW,true,^https://trusted\.example/,,,,2026-07-18T00:00:00Z,2026-07-18T00:00:00Z
rule-tenant-00013-000006,policy-tenant-00013,6,USER_AGENT_REGEX,DENY,true,BenchmarkBot,,,,2026-07-18T00:00:00Z,2026-07-18T00:00:00Z
rule-tenant-00014-000001,policy-tenant-00014,1,SOURCE_IPV4_REGEX,DENY,true,^192\.0\.2\.14$,,,,2026-07-18T00:00:00Z,2026-07-18T00:00:00Z
rule-tenant-00014-000002,policy-tenant-00014,2,SOURCE_IPV4_GROUP,ALLOW,true,,office,,,2026-07-18T00:00:00Z,2026-07-18T00:00:00Z
rule-tenant-00014-000003,policy-tenant-00014,3,URL_PATH_REGEX,DENY,true,^/tenant-00014/department-00014/api/private/.*$,,,,2026-07-18T00:00:00Z,2026-07-18T00:00:00Z
rule-tenant-00014-000004,policy-tenant-00014,4,ACCESS_TIME_RANGE,DENY,true,,,22:00:00,06:00:00,2026-07-18T00:00:00Z,2026-07-18T00:00:00Z
rule-tenant-00014-000005,policy-tenant-00014,5,REFERER_REGEX,ALLOW,true,^https://trusted\.example/,,,,2026-07-18T00:00:00Z,2026-07-18T00:00:00Z
rule-tenant-00014-000006,policy-tenant-00014,6,USER_AGENT_REGEX,DENY,true,BenchmarkBot,,,,2026-07-18T00:00:00Z,2026-07-18T00:00:00Z
rule-tenant-00015-000001,policy-tenant-00015,1,SOURCE_IPV4_REGEX,DENY,true,^192\.0\.2\.15$,,,,2026-07-18T00:00:00Z,2026-07-18T00:00:00Z
rule-tenant-00015-000002,policy-tenant-00015,2,SOURCE_IPV4_GROUP,ALLOW,true,,office,,,2026-07-18T00:00:00Z,2026-07-18T00:00:00Z
rule-tenant-00015-000003,policy-tenant-00015,3,URL_PATH_REGEX,DENY,true,^/tenant-00015/department-00015/api/private/.*$,,,,2026-07-18T00:00:00Z,2026-07-18T00:00:00Z
rule-tenant-00015-000004,policy-tenant-00015,4,ACCESS_TIME_RANGE,DENY,true,,,22:00:00,06:00:00,2026-07-18T00:00:00Z,2026-07-18T00:00:00Z
rule-tenant-00015-000005,policy-tenant-00015,5,REFERER_REGEX,ALLOW,true,^https://trusted\.example/,,,,2026-07-18T00:00:00Z,2026-07-18T00:00:00Z
rule-tenant-00015-000006,policy-tenant-00015,6,USER_AGENT_REGEX,DENY,true,BenchmarkBot,,,,2026-07-18T00:00:00Z,2026-07-18T00:00:00Z
rule-tenant-00016-000001,policy-tenant-00016,1,SOURCE_IPV4_REGEX,DENY,true,^192\.0\.2\.16$,,,,2026-07-18T00:00:00Z,2026-07-18T00:00:00Z
rule-tenant-00016-000002,policy-tenant-00016,2,SOURCE_IPV4_GROUP,ALLOW,true,,office,,,2026-07-18T00:00:00Z,2026-07-18T00:00:00Z
rule-tenant-00016-000003,policy-tenant-00016,3,URL_PATH_REGEX,DENY,true,^/tenant-00016/department-00016/api/private/.*$,,,,2026-07-18T00:00:00Z,2026-07-18T00:00:00Z
rule-tenant-00016-000004,policy-tenant-00016,4,ACCESS_TIME_RANGE,DENY,true,,,22:00:00,06:00:00,2026-07-18T00:00:00Z,2026-07-18T00:00:00Z
rule-tenant-00016-000005,policy-tenant-00016,5,REFERER_REGEX,ALLOW,true,^https://trusted\.example/,,,,2026-07-18T00:00:00Z,2026-07-18T00:00:00Z
rule-tenant-00016-000006,policy-tenant-00016,6,USER_AGENT_REGEX,DENY,true,BenchmarkBot,,,,2026-07-18T00:00:00Z,2026-07-18T00:00:00Z
rule-tenant-00017-000001,policy-tenant-00017,1,SOURCE_IPV4_REGEX,DENY,true,^192\.0\.2\.17$,,,,2026-07-18T00:00:00Z,2026-07-18T00:00:00Z
rule-tenant-00017-000002,policy-tenant-00017,2,SOURCE_IPV4_GROUP,ALLOW,true,,office,,,2026-07-18T00:00:00Z,2026-07-18T00:00:00Z
rule-tenant-00017-000003,policy-tenant-00017,3,URL_PATH_REGEX,DENY,true,^/tenant-00017/department-00017/api/private/.*$,,,,2026-07-18T00:00:00Z,2026-07-18T00:00:00Z
rule-tenant-00017-000004,policy-tenant-00017,4,ACCESS_TIME_RANGE,DENY,true,,,22:00:00,06:00:00,2026-07-18T00:00:00Z,2026-07-18T00:00:00Z
rule-tenant-00017-000005,policy-tenant-00017,5,REFERER_REGEX,ALLOW,true,^https://trusted\.example/,,,,2026-07-18T00:00:00Z,2026-07-18T00:00:00Z
rule-tenant-00017-000006,policy-tenant-00017,6,USER_AGENT_REGEX,DENY,true,BenchmarkBot,,,,2026-07-18T00:00:00Z,2026-07-18T00:00:00Z
rule-tenant-00018-000001,policy-tenant-00018,1,SOURCE_IPV4_REGEX,DENY,true,^192\.0\.2\.18$,,,,2026-07-18T00:00:00Z,2026-07-18T00:00:00Z
rule-tenant-00018-000002,policy-tenant-00018,2,SOURCE_IPV4_GROUP,ALLOW,true,,office,,,2026-07-18T00:00:00Z,2026-07-18T00:00:00Z
rule-tenant-00018-000003,policy-tenant-00018,3,URL_PATH_REGEX,DENY,true,^/tenant-00018/department-00018/api/private/.*$,,,,2026-07-18T00:00:00Z,2026-07-18T00:00:00Z
rule-tenant-00018-000004,policy-tenant-00018,4,ACCESS_TIME_RANGE,DENY,true,,,22:00:00,06:00:00,2026-07-18T00:00:00Z,2026-07-18T00:00:00Z
rule-tenant-00018-000005,policy-tenant-00018,5,REFERER_REGEX,ALLOW,true,^https://trusted\.example/,,,,2026-07-18T00:00:00Z,2026-07-18T00:00:00Z
rule-tenant-00018-000006,policy-tenant-00018,6,USER_AGENT_REGEX,DENY,true,BenchmarkBot,,,,2026-07-18T00:00:00Z,2026-07-18T00:00:00Z
rule-tenant-00019-000001,policy-tenant-00019,1,SOURCE_IPV4_REGEX,DENY,true,^192\.0\.2\.19$,,,,2026-07-18T00:00:00Z,2026-07-18T00:00:00Z
rule-tenant-00019-000002,policy-tenant-00019,2,SOURCE_IPV4_GROUP,ALLOW,true,,office,,,2026-07-18T00:00:00Z,2026-07-18T00:00:00Z
rule-tenant-00019-000003,policy-tenant-00019,3,URL_PATH_REGEX,DENY,true,^/tenant-00019/department-00019/api/private/.*$,,,,2026-07-18T00:00:00Z,2026-07-18T00:00:00Z
rule-tenant-00019-000004,policy-tenant-00019,4,ACCESS_TIME_RANGE,DENY,true,,,22:00:00,06:00:00,2026-07-18T00:00:00Z,2026-07-18T00:00:00Z
rule-tenant-00019-000005,policy-tenant-00019,5,REFERER_REGEX,ALLOW,true,^https://trusted\.example/,,,,2026-07-18T00:00:00Z,2026-07-18T00:00:00Z
rule-tenant-00019-000006,policy-tenant-00019,6,USER_AGENT_REGEX,DENY,true,BenchmarkBot,,,,2026-07-18T00:00:00Z,2026-07-18T00:00:00Z
rule-tenant-00020-000001,policy-tenant-00020,1,SOURCE_IPV4_REGEX,DENY,true,^192\.0\.2\.20$,,,,2026-07-18T00:00:00Z,2026-07-18T00:00:00Z
rule-tenant-00020-000002,policy-tenant-00020,2,SOURCE_IPV4_GROUP,ALLOW,true,,office,,,2026-07-18T00:00:00Z,2026-07-18T00:00:00Z
rule-tenant-00020-000003,policy-tenant-00020,3,URL_PATH_REGEX,DENY,true,^/tenant-00020/department-00020/api/private/.*$,,,,2026-07-18T00:00:00Z,2026-07-18T00:00:00Z
rule-tenant-00020-000004,policy-tenant-00020,4,ACCESS_TIME_RANGE,DENY,true,,,22:00:00,06:00:00,2026-07-18T00:00:00Z,2026-07-18T00:00:00Z
rule-tenant-00020-000005,policy-tenant-00020,5,REFERER_REGEX,ALLOW,true,^https://trusted\.example/,,,,2026-07-18T00:00:00Z,2026-07-18T00:00:00Z
rule-tenant-00020-000006,policy-tenant-00020,6,USER_AGENT_REGEX,DENY,true,BenchmarkBot,,,,2026-07-18T00:00:00Z,2026-07-18T00:00:00Z
rule-tenant-00021-000001,policy-tenant-00021,1,SOURCE_IPV4_REGEX,DENY,true,^192\.0\.2\.21$,,,,2026-07-18T00:00:00Z,2026-07-18T00:00:00Z
rule-tenant-00021-000002,policy-tenant-00021,2,SOURCE_IPV4_GROUP,ALLOW,true,,office,,,2026-07-18T00:00:00Z,2026-07-18T00:00:00Z
rule-tenant-00021-000003,policy-tenant-00021,3,URL_PATH_REGEX,DENY,true,^/tenant-00021/department-00021/api/private/.*$,,,,2026-07-18T00:00:00Z,2026-07-18T00:00:00Z
rule-tenant-00021-000004,policy-tenant-00021,4,ACCESS_TIME_RANGE,DENY,true,,,22:00:00,06:00:00,2026-07-18T00:00:00Z,2026-07-18T00:00:00Z
rule-tenant-00021-000005,policy-tenant-00021,5,REFERER_REGEX,ALLOW,true,^https://trusted\.example/,,,,2026-07-18T00:00:00Z,2026-07-18T00:00:00Z
rule-tenant-00021-000006,policy-tenant-00021,6,USER_AGENT_REGEX,DENY,true,BenchmarkBot,,,,2026-07-18T00:00:00Z,2026-07-18T00:00:00Z
rule-tenant-00022-000001,policy-tenant-00022,1,SOURCE_IPV4_REGEX,DENY,true,^192\.0\.2\.22$,,,,2026-07-18T00:00:00Z,2026-07-18T00:00:00Z
rule-tenant-00022-000002,policy-tenant-00022,2,SOURCE_IPV4_GROUP,ALLOW,true,,office,,,2026-07-18T00:00:00Z,2026-07-18T00:00:00Z
rule-tenant-00022-000003,policy-tenant-00022,3,URL_PATH_REGEX,DENY,true,^/tenant-00022/department-00022/api/private/.*$,,,,2026-07-18T00:00:00Z,2026-07-18T00:00:00Z
rule-tenant-00022-000004,policy-tenant-00022,4,ACCESS_TIME_RANGE,DENY,true,,,22:00:00,06:00:00,2026-07-18T00:00:00Z,2026-07-18T00:00:00Z
rule-tenant-00022-000005,policy-tenant-00022,5,REFERER_REGEX,ALLOW,true,^https://trusted\.example/,,,,2026-07-18T00:00:00Z,2026-07-18T00:00:00Z
rule-tenant-00022-000006,policy-tenant-00022,6,USER_AGENT_REGEX,DENY,true,BenchmarkBot,,,,2026-07-18T00:00:00Z,2026-07-18T00:00:00Z
rule-tenant-00023-000001,policy-tenant-00023,1,SOURCE_IPV4_REGEX,DENY,true,^192\.0\.2\.23$,,,,2026-07-18T00:00:00Z,2026-07-18T00:00:00Z
rule-tenant-00023-000002,policy-tenant-00023,2,SOURCE_IPV4_GROUP,ALLOW,true,,office,,,2026-07-18T00:00:00Z,2026-07-18T00:00:00Z
rule-tenant-00023-000003,policy-tenant-00023,3,URL_PATH_REGEX,DENY,true,^/tenant-00023/department-00023/api/private/.*$,,,,2026-07-18T00:00:00Z,2026-07-18T00:00:00Z
rule-tenant-00023-000004,policy-tenant-00023,4,ACCESS_TIME_RANGE,DENY,true,,,22:00:00,06:00:00,2026-07-18T00:00:00Z,2026-07-18T00:00:00Z
rule-tenant-00023-000005,policy-tenant-00023,5,REFERER_REGEX,ALLOW,true,^https://trusted\.example/,,,,2026-07-18T00:00:00Z,2026-07-18T00:00:00Z
rule-tenant-00023-000006,policy-tenant-00023,6,USER_AGENT_REGEX,DENY,true,BenchmarkBot,,,,2026-07-18T00:00:00Z,2026-07-18T00:00:00Z
rule-tenant-00024-000001,policy-tenant-00024,1,SOURCE_IPV4_REGEX,DENY,true,^192\.0\.2\.24$,,,,2026-07-18T00:00:00Z,2026-07-18T00:00:00Z
rule-tenant-00024-000002,policy-tenant-00024,2,SOURCE_IPV4_GROUP,ALLOW,true,,office,,,2026-07-18T00:00:00Z,2026-07-18T00:00:00Z
rule-tenant-00024-000003,policy-tenant-00024,3,URL_PATH_REGEX,DENY,true,^/tenant-00024/department-00024/api/private/.*$,,,,2026-07-18T00:00:00Z,2026-07-18T00:00:00Z
rule-tenant-00024-000004,policy-tenant-00024,4,ACCESS_TIME_RANGE,DENY,true,,,22:00:00,06:00:00,2026-07-18T00:00:00Z,2026-07-18T00:00:00Z
rule-tenant-00024-000005,policy-tenant-00024,5,REFERER_REGEX,ALLOW,true,^https://trusted\.example/,,,,2026-07-18T00:00:00Z,2026-07-18T00:00:00Z
rule-tenant-00024-000006,policy-tenant-00024,6,USER_AGENT_REGEX,DENY,true,BenchmarkBot,,,,2026-07-18T00:00:00Z,2026-07-18T00:00:00Z
